timestamp,availability_pct,p99_latency_ms,p95_latency_ms,p50_latency_ms
2026-08-31T12:28:23.394982,98.5,180,120,65
2026-09-01T12:28:23.394982,98.75,192,128,70
2026-09-02T12:28:23.394982,99.0,204,136,75
2026-09-03T12:28:23.394982,99.25,216,144,80
2026-09-04T12:28:23.394982,99.5,228,152,85
2026-09-05T12:28:23.394982,98.5,240,160,65
2026-09-06T12:28:23.394982,98.75,252,120,70
2026-09-07T12:28:23.394982,99.0,180,128,75
2026-09-08T12:28:23.394982,99.25,192,136,80
2026-09-09T12:28:23.394982,99.5,204,144,85
2026-09-10T12:28:23.394982,98.5,216,152,65
2026-09-11T12:28:23.394982,98.75,228,160,70
2026-09-12T12:28:23.394982,99.0,240,120,75
2026-09-13T12:28:23.394982,99.25,252,128,80
2026-09-14T12:28:23.394982,99.5,180,136,85
2026-09-15T12:28:23.394982,98.5,192,144,65
2026-09-16T12:28:23.394982,98.75,204,152,70
2026-09-17T12:28:23.394982,99.0,216,160,75
2026-09-18T12:28:23.394982,99.25,228,120,80
2026-09-19T12:28:23.394982,99.5,240,128,85
2026-09-20T12:28:23.394982,98.5,252,136,65
2026-09-21T12:28:23.394982,98.75,180,144,70
2026-09-22T12:28:23.394982,99.0,192,152,75
2026-09-23T12:28:23.394982,99.25,204,160,80
2026-09-24T12:28:23.394982,99.5,216,120,85
2026-09-25T12:28:23.394982,98.5,228,128,65
2026-09-26T12:28:23.394982,98.75,240,136,70
2026-09-27T12:28:23.394982,99.0,252,144,75
2026-09-28T12:28:23.394982,99.25,180,152,80
2026-09-29T12:28:23.394982,99.5,192,160,85
